{"trueAscent":-96.98046875,"trueDescent":48.01953125,"glyphs":{"32":{"minX":0,"minY":-5,"maxX":37.5,"maxY":0,"width":37.5,"height":5},"33":{"minX":1,"maxX":13,"minY":-82.98046875,"maxY":-0.98046875,"width":12,"height":82},"34":{"minX":1,"maxX":20,"minY":-79.98046875,"maxY":-48.98046875,"width":19,"height":31},"35":{"minX":1,"maxX":74,"minY":-49.98046875,"maxY":-0.98046875,"width":73,"height":49},"36":{"minX":1,"maxX":56,"minY":-92.98046875,"maxY":-0.98046875,"width":55,"height":92},"37":{"minX":1,"maxX":60,"minY":-60.98046875,"maxY":-0.98046875,"width":59,"height":60},"38":{"minX":1,"maxX":43,"minY":-69.98046875,"maxY":0.01953125,"width":42,"height":70},"39":{"minX":2,"maxX":8,"minY":-72.98046875,"maxY":-48.98046875,"width":6,"height":24},"40":{"minX":2,"maxX":40,"minY":-58.98046875,"maxY":3.01953125,"width":38,"height":62},"41":{"minX":1,"maxX":27,"minY":-59.98046875,"maxY":5.01953125,"width":26,"height":65},"42":{"minX":1,"maxX":38,"minY":-60.98046875,"maxY":-22.98046875,"width":37,"height":38},"43":{"minX":0,"maxX":43,"minY":-42.98046875,"maxY":-0.98046875,"width":43,"height":42},"44":{"minX":1,"maxX":9,"minY":-14.98046875,"maxY":18.01953125,"width":8,"height":33},"45":{"minX":1,"maxX":33,"minY":-31.98046875,"maxY":-24.98046875,"width":32,"height":7},"46":{"minX":4,"maxX":17,"minY":-18.98046875,"maxY":-0.98046875,"width":13,"height":18},"47":{"minX":1,"maxX":29,"minY":-74.98046875,"maxY":-0.98046875,"width":28,"height":74},"48":{"minX":1,"maxX":40,"minY":-43.98046875,"maxY":-0.98046875,"width":39,"height":43},"49":{"minX":1,"maxX":29,"minY":-58.98046875,"maxY":-0.98046875,"width":28,"height":58},"50":{"minX":1,"maxX":46,"minY":-54.98046875,"maxY":-0.98046875,"width":45,"height":54},"51":{"minX":1,"maxX":40,"minY":-52.98046875,"maxY":-0.98046875,"width":39,"height":52},"52":{"minX":1,"maxX":39,"minY":-60.98046875,"maxY":0.01953125,"width":38,"height":61},"53":{"minX":1,"maxX":54,"minY":-65.98046875,"maxY":-0.98046875,"width":53,"height":65},"54":{"minX":1,"maxX":41,"minY":-59.98046875,"maxY":-0.98046875,"width":40,"height":59},"55":{"minX":2,"maxX":39,"minY":-53.98046875,"maxY":-0.98046875,"width":37,"height":53},"56":{"minX":1,"maxX":34,"minY":-57.98046875,"maxY":-0.98046875,"width":33,"height":57},"57":{"minX":1,"maxX":28,"minY":-59.98046875,"maxY":-0.98046875,"width":27,"height":59},"58":{"minX":1,"maxX":7,"minY":-33.98046875,"maxY":-7.98046875,"width":6,"height":26},"59":{"minX":-2,"maxX":10,"minY":-38.98046875,"maxY":18.01953125,"width":12,"height":57},"60":{"minX":0,"maxX":45,"minY":-41.98046875,"maxY":-0.98046875,"width":45,"height":41},"61":{"minX":1,"maxX":49,"minY":-38.98046875,"maxY":-13.98046875,"width":48,"height":25},"62":{"minX":2,"maxX":39,"minY":-45.98046875,"maxY":-0.98046875,"width":37,"height":45},"63":{"minX":0,"maxX":25,"minY":-86.98046875,"maxY":-0.98046875,"width":25,"height":86},"64":{"minX":1,"maxX":78,"minY":-89.98046875,"maxY":0.01953125,"width":77,"height":90},"65":{"minX":1,"maxX":53,"minY":-75.98046875,"maxY":-0.98046875,"width":52,"height":75},"66":{"minX":2,"maxX":72,"minY":-69.98046875,"maxY":-0.98046875,"width":70,"height":69},"67":{"minX":1,"maxX":48,"minY":-64.98046875,"maxY":-0.98046875,"width":47,"height":64},"68":{"minX":2,"maxX":71,"minY":-62.98046875,"maxY":0.01953125,"width":69,"height":63},"69":{"minX":1,"maxX":47,"minY":-61.98046875,"maxY":-0.98046875,"width":46,"height":61},"70":{"minX":-4,"maxX":61,"minY":-59.98046875,"maxY":-1.98046875,"width":65,"height":58},"71":{"minX":3,"maxX":55,"minY":-52.98046875,"maxY":6.01953125,"width":52,"height":59},"72":{"minX":1,"maxX":49,"minY":-67.98046875,"maxY":-0.98046875,"width":48,"height":67},"73":{"minX":1,"maxX":14,"minY":-55.98046875,"maxY":-0.98046875,"width":13,"height":55},"74":{"minX":2,"maxX":42,"minY":-70.98046875,"maxY":-0.98046875,"width":40,"height":70},"75":{"minX":1,"maxX":44,"minY":-58.98046875,"maxY":0.01953125,"width":43,"height":59},"76":{"minX":1,"maxX":32,"minY":-53.98046875,"maxY":0.01953125,"width":31,"height":54},"77":{"minX":1,"maxX":50,"minY":-61.98046875,"maxY":0.01953125,"width":49,"height":62},"78":{"minX":2,"maxX":58,"minY":-53.98046875,"maxY":-0.98046875,"width":56,"height":53},"79":{"minX":1,"maxX":58,"minY":-48.98046875,"maxY":-0.98046875,"width":57,"height":48},"80":{"minX":2,"maxX":60,"minY":-59.98046875,"maxY":-0.98046875,"width":58,"height":59},"81":{"minX":2,"maxX":65,"minY":-53.98046875,"maxY":11.01953125,"width":63,"height":65},"82":{"minX":-1,"maxX":55,"minY":-62.98046875,"maxY":4.01953125,"width":56,"height":67},"83":{"minX":2,"maxX":59,"minY":-59.98046875,"maxY":0.01953125,"width":57,"height":60},"84":{"minX":0,"maxX":66,"minY":-61.98046875,"maxY":-0.98046875,"width":66,"height":61},"85":{"minX":2,"maxX":55,"minY":-54.98046875,"maxY":-0.98046875,"width":53,"height":54},"86":{"minX":1,"maxX":39,"minY":-51.98046875,"maxY":-0.98046875,"width":38,"height":51},"87":{"minX":1,"maxX":68,"minY":-49.98046875,"maxY":-0.98046875,"width":67,"height":49},"88":{"minX":2,"maxX":52,"minY":-52.98046875,"maxY":5.01953125,"width":50,"height":58},"89":{"minX":1,"maxX":38,"minY":-64.98046875,"maxY":1.01953125,"width":37,"height":66},"90":{"minX":1,"maxX":55,"minY":-61.98046875,"maxY":-0.98046875,"width":54,"height":61},"91":{"minX":2,"maxX":54,"minY":-70.98046875,"maxY":9.01953125,"width":52,"height":80},"92":{"minX":1,"maxX":41,"minY":-54.98046875,"maxY":-0.98046875,"width":40,"height":54},"93":{"minX":1,"maxX":41,"minY":-82.98046875,"maxY":9.01953125,"width":40,"height":92},"94":{"minX":5,"maxX":31,"minY":-73.98046875,"maxY":-52.98046875,"width":26,"height":21},"95":{"minX":2,"maxX":63,"minY":-10.98046875,"maxY":-0.98046875,"width":61,"height":10},"96":{"minX":2,"maxX":15,"minY":-55.98046875,"maxY":-43.98046875,"width":13,"height":12},"97":{"minX":1,"maxX":47,"minY":-49.98046875,"maxY":-0.98046875,"width":46,"height":49},"98":{"minX":1,"maxX":47,"minY":-63.98046875,"maxY":-0.98046875,"width":46,"height":63},"99":{"minX":1,"maxX":42,"minY":-44.98046875,"maxY":-0.98046875,"width":41,"height":44},"100":{"minX":1,"maxX":49,"minY":-72.98046875,"maxY":-0.98046875,"width":48,"height":72},"101":{"minX":1,"maxX":48,"minY":-51.98046875,"maxY":-0.98046875,"width":47,"height":51},"102":{"minX":-1,"maxX":45,"minY":-70.98046875,"maxY":-0.98046875,"width":46,"height":70},"103":{"minX":-14,"maxX":36,"minY":-41.98046875,"maxY":48.01953125,"width":50,"height":90},"104":{"minX":-2,"maxX":39,"minY":-70.98046875,"maxY":-0.98046875,"width":41,"height":70},"105":{"minX":1,"maxX":15,"minY":-60.98046875,"maxY":-0.98046875,"width":14,"height":60},"106":{"minX":-11,"maxX":22,"minY":-58.98046875,"maxY":44.01953125,"width":33,"height":103},"107":{"minX":-1,"maxX":39,"minY":-61.98046875,"maxY":-0.98046875,"width":40,"height":61},"108":{"minX":2,"maxX":9,"minY":-57.98046875,"maxY":-0.98046875,"width":7,"height":57},"109":{"minX":2,"maxX":72,"minY":-42.98046875,"maxY":-0.98046875,"width":70,"height":42},"110":{"minX":2,"maxX":44,"minY":-44.98046875,"maxY":0.01953125,"width":42,"height":45},"111":{"minX":1,"maxX":45,"minY":-41.98046875,"maxY":-0.98046875,"width":44,"height":41},"112":{"minX":1,"maxX":49,"minY":-34.98046875,"maxY":35.01953125,"width":48,"height":70},"113":{"minX":1,"maxX":37,"minY":-49.98046875,"maxY":31.01953125,"width":36,"height":81},"114":{"minX":1,"maxX":33,"minY":-44.98046875,"maxY":-0.98046875,"width":32,"height":44},"115":{"minX":1,"maxX":48,"minY":-45.98046875,"maxY":-0.98046875,"width":47,"height":45},"116":{"minX":1,"maxX":32,"minY":-62.98046875,"maxY":0.01953125,"width":31,"height":63},"117":{"minX":1,"maxX":48,"minY":-47.98046875,"maxY":-0.98046875,"width":47,"height":47},"118":{"minX":1,"maxX":37,"minY":-37.98046875,"maxY":-0.98046875,"width":36,"height":37},"119":{"minX":1,"maxX":62,"minY":-42.98046875,"maxY":-0.98046875,"width":61,"height":42},"120":{"minX":-1,"maxX":43,"minY":-38.98046875,"maxY":5.01953125,"width":44,"height":44},"121":{"minX":1,"maxX":46,"minY":-44.98046875,"maxY":48.01953125,"width":45,"height":93},"122":{"minX":1,